model,pooled_auc_mean,pooled_auc_std,per_site_auc_mean,per_site_auc_std,onset_auc_7d_mean,onset_auc_7d_std,onset_auc_14d_mean,onset_auc_14d_std,accuracy_mean,accuracy_std,precision_mean,precision_std,recall_mean,recall_std,f1_mean,f1_std
current | env only,0.6582,0.1007,0.6694,0.2247,0.6052,0.1218,0.5992,0.1272,0.7545,0.0834,0.4596,0.4521,0.033,0.0308,0.061,0.057
current | with history,0.8031,0.1468,0.6666,0.2237,0.6481,0.2504,0.6459,0.2497,0.7943,0.1096,0.6822,0.2852,0.4402,0.2238,0.5011,0.2325
current+CHL | env only,0.6537,0.0941,0.6562,0.2262,0.6067,0.1303,0.6044,0.1362,0.7541,0.0822,0.5963,0.4188,0.0379,0.033,0.0694,0.0604
current+CHL | with history,0.798,0.1429,0.6545,0.2217,0.6438,0.2563,0.6438,0.2572,0.7927,0.1096,0.6875,0.2665,0.4381,0.2078,0.5032,0.2134
current+so | env only,0.6524,0.1105,0.6616,0.2208,0.6123,0.1052,0.6076,0.1128,0.7523,0.0847,0.4143,0.3831,0.0459,0.0443,0.08,0.0765
current+so | with history,0.802,0.1493,0.6627,0.2262,0.6484,0.2563,0.6485,0.2551,0.7837,0.1142,0.6648,0.2791,0.4422,0.2332,0.4881,0.2291
current+mlotst | env only,0.655,0.1127,0.6665,0.2166,0.613,0.1117,0.6106,0.1134,0.755,0.0822,0.6495,0.4273,0.0384,0.0323,0.0703,0.059
current+mlotst | with history,0.7944,0.1568,0.6604,0.2202,0.6535,0.2574,0.6546,0.2575,0.8014,0.105,0.7039,0.2858,0.4372,0.2276,0.5042,0.2381
current+NDVI_daily | env only,0.6396,0.0972,0.6193,0.1646,0.5553,0.2743,0.5581,0.2548,0.7565,0.0738,0.5653,0.3901,0.0972,0.0905,0.1501,0.1148
current+NDVI_daily | with history,0.7787,0.1348,0.6146,0.161,0.5808,0.2775,0.5913,0.2718,0.7857,0.1231,0.6612,0.2837,0.4353,0.2344,0.495,0.2378
current+wind_speed_ms | env only,0.6707,0.0922,0.6496,0.2436,0.62,0.0964,0.6159,0.0995,0.7323,0.0906,0.4431,0.3543,0.0669,0.0747,0.0941,0.082
current+wind_speed_ms | with history,0.7991,0.148,0.6534,0.2311,0.6436,0.2472,0.6434,0.2468,0.7926,0.1128,0.6761,0.2793,0.4506,0.2257,0.5059,0.2299
current+wind_u_ms | env only,0.6609,0.1097,0.6697,0.2168,0.6442,0.1188,0.6373,0.1204,0.7525,0.08,0.6237,0.4231,0.0402,0.0276,0.0741,0.0501
current+wind_u_ms | with history,0.7982,0.155,0.6724,0.2275,0.6748,0.2683,0.672,0.2672,0.7929,0.1136,0.674,0.2876,0.4617,0.1943,0.5257,0.2153
current+wind_v_ms | env only,0.6447,0.0927,0.6531,0.2275,0.5985,0.1384,0.5938,0.144,0.7504,0.0828,0.5897,0.4612,0.0383,0.0304,0.0696,0.0558
current+wind_v_ms | with history,0.7933,0.1504,0.6574,0.2231,0.6456,0.2464,0.6432,0.2489,0.7931,0.1108,0.6973,0.2639,0.4391,0.2054,0.5054,0.2101
current+uo | env only,0.6575,0.108,0.6675,0.2148,0.6374,0.1203,0.6344,0.1184,0.7467,0.0791,0.4806,0.3571,0.0493,0.0332,0.0868,0.0587
current+uo | with history,0.7969,0.1542,0.6697,0.2259,0.6682,0.2631,0.6696,0.2635,0.791,0.1074,0.6726,0.276,0.4384,0.2182,0.4968,0.222
current+vo | env only,0.66,0.0929,0.6539,0.2062,0.6302,0.124,0.6248,0.1272,0.7519,0.0874,0.3711,0.3875,0.0434,0.0478,0.0767,0.085
current+vo | with history,0.8001,0.1458,0.6485,0.2216,0.6531,0.2476,0.653,0.2486,0.7892,0.1071,0.6724,0.2669,0.4359,0.2167,0.4928,0.2179
all | env only,0.6259,0.0601,0.5385,0.1987,0.5546,0.182,0.5685,0.1607,0.7342,0.0627,0.4647,0.2007,0.1897,0.104,0.2421,0.0862
all | with history,0.7464,0.1455,0.5572,0.1919,0.5759,0.2547,0.5927,0.2606,0.7709,0.1229,0.5933,0.2092,0.4483,0.2023,0.4876,0.2018
