split,model,pooled_auc,per_site_auc,onset_auc_7d,onset_auc_14d,accuracy,precision,recall,f1,n_sites_scored,n_rows,n_onset_pos_7d,n_onset_pos_14d
1,current | env only,0.7736436251334452,0.9687744959657231,0.5119589565720066,0.48805426568332877,0.8705342510652245,0.0,0.0,0.0,3,3051,21,42
1,current | with history,0.9275354582888515,0.9517351016121177,0.7224329792615074,0.7016662114176455,0.906915765322845,1.0,0.2810126582278481,0.43873517786561267,3,3051,21,42
1,current+CHL | env only,0.7562652508769254,0.9554815478375662,0.5224546571284052,0.5009924428662478,0.8692232055063913,0.0,0.0,0.0,3,3051,21,42
1,current+CHL | with history,0.9096395073966753,0.939839254099932,0.7238420406098707,0.7032686879723209,0.9108489019993444,1.0,0.31139240506329113,0.4749034749034749,3,3051,21,42
1,current+so | env only,0.8048669360988258,0.9518300366550495,0.5189320037574969,0.48117090048256395,0.8705342510652245,0.0,0.0,0.0,3,3051,21,42
1,current+so | with history,0.9430846804941283,0.9526813445520759,0.7551484933882506,0.7377401438586907,0.9016715830875123,1.0,0.24050632911392406,0.3877551020408163,3,3051,21,42
1,current+mlotst | env only,0.8029748741802654,0.9624659846756723,0.5682310860611316,0.5719748702540289,0.8711897738446411,1.0,0.005063291139240506,0.010075566750629723,3,3051,21,42
1,current+mlotst | with history,0.9388039499771236,0.944576884770854,0.7548955849411084,0.7543840480742967,0.9052769583743036,1.0,0.2683544303797468,0.4231536926147705,3,3051,21,42
1,current+NDVI_daily | env only,0.6827464922983071,0.7729191254365476,0.1025001806488908,0.1394791951197305,0.8584070796460177,0.42323651452282157,0.2582278481012658,0.32075471698113206,3,3051,21,42
1,current+NDVI_daily | with history,0.8098339560774743,0.7555971657081777,0.37159476840812194,0.4157789310752982,0.9242871189773845,1.0,0.4151898734177215,0.5867620751341681,3,3051,21,42
1,current+wind_speed_ms | env only,0.7652451578465762,0.953155404359542,0.5371052821735675,0.5115997450605481,0.8705342510652245,0.0,0.0,0.0,3,3051,21,42
1,current+wind_speed_ms | with history,0.9046248284276346,0.9428878229752907,0.707186212876653,0.6921515068742602,0.909210095050803,1.0,0.29873417721518986,0.4600389863547758,3,3051,21,42
1,current+wind_u_ms | env only,0.806966791215495,0.9518827928748063,0.7267504877520052,0.7066830556314303,0.8548017043592265,0.0,0.0,0.0,3,3051,21,42
1,current+wind_u_ms | with history,0.9371111026384018,0.9716035335206815,0.9053941758797601,0.8906673950651007,0.9229760734185513,1.0,0.4050632911392405,0.5765765765765766,3,3051,21,42
1,current+wind_v_ms | env only,0.7205753393320115,0.936576985791604,0.4337560517378423,0.41799144131840116,0.8682399213372665,0.0,0.0,0.0,3,3051,21,42
1,current+wind_v_ms | with history,0.9129546667683391,0.9323305414207052,0.6721222631693041,0.6563780387872166,0.9085545722713865,1.0,0.2936708860759494,0.45401174168297453,3,3051,21,42
1,current+uo | env only,0.8112408494738448,0.9496737531445058,0.7287376255509792,0.711035236274242,0.855457227138643,0.057692307692307696,0.007594936708860759,0.013422818791946308,3,3051,21,42
1,current+uo | with history,0.9312928930913528,0.963654987046095,0.8571970518101019,0.8529636711281071,0.9065880039331367,1.0,0.27848101265822783,0.43564356435643564,3,3051,21,42
1,current+vo | env only,0.7402870977581211,0.8954324997724323,0.5630645277837993,0.5520622780661022,0.8705342510652245,0.0,0.0,0.0,3,3051,21,42
1,current+vo | with history,0.9112275049565349,0.9131341323021599,0.7240949490570129,0.7120367841209141,0.9056047197640118,1.0,0.2708860759493671,0.4262948207171315,3,3051,21,42
1,all | env only,0.6158742565197498,0.6065710425566143,0.2451224799479731,0.30736592916325234,0.8194034742707309,0.27714285714285714,0.24556962025316456,0.26040268456375837,3,3051,21,42
1,all | with history,0.7482328046362666,0.6671383888963369,0.5056181805043717,0.5747427843030137,0.8862667977712225,0.5764331210191083,0.4582278481012658,0.5105782792665726,3,3051,21,42
2,current | env only,0.6100868223656986,0.5730544681804166,0.5405255601795481,0.5491765208586848,0.7789473684210526,0.0,0.0,0.0,4,2945,49,98
2,current | with history,0.6992253886114449,0.5654691129233801,0.6910516655460047,0.7020751860143238,0.766723259762309,0.3902439024390244,0.09831029185867896,0.1570552147239264,4,2945,49,98
2,current+CHL | env only,0.6092658735738861,0.5588735116352581,0.521498537081796,0.5324747104121575,0.7806451612903226,1.0,0.007680491551459293,0.01524390243902439,4,2945,49,98
2,current+CHL | with history,0.6995019398765496,0.5514695772814332,0.6923964599196757,0.7060091219009225,0.7752122241086588,0.4678362573099415,0.1228878648233487,0.19464720194647203,4,2945,49,98
2,current+so | env only,0.6153834821888932,0.5471433579022995,0.5858215058062406,0.6045535191773568,0.7789473684210526,0.0,0.0,0.0,4,2945,49,98
2,current+so | with history,0.7032651798520685,0.5527304510455486,0.7175840950805967,0.7319164352131385,0.7718166383701188,0.43312101910828027,0.10445468509984639,0.16831683168316833,4,2945,49,98
2,current+mlotst | env only,0.5639824453560146,0.5544629872388736,0.5590619150598797,0.5646939704420686,0.7789473684210526,0.0,0.0,0.0,4,2945,49,98
2,current+mlotst | with history,0.6496048598025705,0.5558089785579854,0.709333599869155,0.7192135843868727,0.7687606112054329,0.4,0.09216589861751152,0.149812734082397,4,2945,49,98
2,current+NDVI_daily | env only,0.6161147024830689,0.5697944399456334,0.5061878714085812,0.5118482531838408,0.7684210526315789,0.0,0.0,0.0,4,2945,49,98
2,current+NDVI_daily | with history,0.7206437149205098,0.5753446868173727,0.7120322750649681,0.7242622128505476,0.767402376910017,0.3819444444444444,0.08448540706605223,0.13836477987421383,4,2945,49,98
2,current+wind_speed_ms | env only,0.614099159364508,0.5481314721460263,0.5629418285568902,0.5763843088441567,0.7809847198641766,1.0,0.009216589861751152,0.0182648401826484,4,2945,49,98
2,current+wind_speed_ms | with history,0.6971763647101837,0.5470515396268743,0.6923601141257928,0.7066872265519772,0.768081494057725,0.40476190476190477,0.10445468509984639,0.16605616605616605,4,2945,49,98
2,current+wind_u_ms | env only,0.5838780656678679,0.58247088178733,0.5406255111127265,0.5438724420127632,0.7857385398981325,1.0,0.030721966205837174,0.05961251862891207,4,2945,49,98
2,current+wind_u_ms | with history,0.6600542120833484,0.5838892790021192,0.6754593199701964,0.6900457952867081,0.7595925297113753,0.37662337662337664,0.1336405529953917,0.19727891156462585,4,2945,49,98
2,current+wind_v_ms | env only,0.5791833903176254,0.5368184861040517,0.5389536045941083,0.5638161500376209,0.7843803056027164,1.0,0.02457757296466974,0.047976011994003,4,2945,49,98
2,current+wind_v_ms | with history,0.6640350771464194,0.5617520436390324,0.7093790321115088,0.7268538730922501,0.7799660441426146,0.5085714285714286,0.13671274961597543,0.21549636803874092,4,2945,49,98
2,current+uo | env only,0.5680798235428829,0.5555563684697882,0.5489123521180511,0.5543784195517079,0.7762308998302208,0.42857142857142855,0.03686635944700461,0.06789250353606789,4,2945,49,98
2,current+uo | with history,0.6570014343167309,0.5682383798572725,0.6816653642757191,0.6956842819057528,0.767062818336163,0.3988439306358382,0.10599078341013825,0.16747572815533981,4,2945,49,98
2,current+vo | env only,0.6323321240074622,0.5783534200498843,0.5639867701310266,0.5679683798872301,0.7789473684210526,0.0,0.0,0.0,4,2945,49,98
2,current+vo | with history,0.6952190781535215,0.5535145357374512,0.687871408581242,0.7012809675531568,0.7721561969439729,0.4375,0.10752688172043011,0.17262638717632553,4,2945,49,98
2,all | env only,0.5926493611197046,0.5083850762466251,0.5545186908245042,0.5710105617121678,0.7521222410865874,0.26627218934911245,0.06912442396313365,0.10975609756097561,4,2945,49,98
2,all | with history,0.6434035492308126,0.5189934560441705,0.7101332073345812,0.735176911001087,0.7823429541595925,0.5274725274725275,0.14746543778801843,0.2304921968787515,4,2945,49,98
3,current | env only,0.7018406739459371,0.799785200865173,0.8265241488519398,0.826281651778501,0.6748858447488585,1.0,0.06315789473684211,0.1188118811881188,7,3285,42,84
3,current | with history,0.8204379830695621,0.7917519739663919,0.7493496210835878,0.751529210811809,0.7436834094368341,0.6925064599483204,0.47017543859649125,0.5600835945663531,7,3285,42,84
3,current+CHL | env only,0.6930564756880546,0.7910317386102604,0.8399162990611921,0.8412679177342289,0.6788432267884322,0.9775280898876404,0.07631578947368421,0.14157851912123678,7,3285,42,84
3,current+CHL | with history,0.8138731443994602,0.7771380155042351,0.761904761904762,0.7651478429471642,0.7248097412480974,0.662534435261708,0.4219298245614035,0.5155412647374062,7,3285,42,84
3,current+so | env only,0.7049110538584222,0.8093638971579483,0.8179391471552993,0.8171410105486694,0.6660578386605784,0.7311827956989247,0.05964912280701754,0.11030008110300081,7,3285,42,84
3,current+so | with history,0.8174269005847952,0.7826440813904992,0.7390114240470536,0.7436754149066317,0.7397260273972602,0.6833976833976834,0.46578947368421053,0.5539906103286385,7,3285,42,84
3,current+mlotst | env only,0.7015441868073446,0.7973704426115974,0.8272480488632509,0.8267375297186252,0.6748858447488585,1.0,0.06315789473684211,0.1188118811881188,7,3285,42,84
3,current+mlotst | with history,0.8206870322659797,0.7959084107129654,0.7655355728989933,0.7670867668444014,0.7707762557077625,0.7833089311859444,0.4692982456140351,0.5869445968184311,7,3285,42,84
3,current+NDVI_daily | env only,0.7581065717907823,0.8258526215117442,0.8263771066621423,0.8190279989843732,0.6971080669710806,0.9865771812080537,0.12894736842105264,0.22808378588052755,7,3285,42,84
3,current+NDVI_daily | with history,0.8648063632274159,0.808390251178819,0.7400746521886664,0.7348175334118136,0.7671232876712328,0.8109452736318408,0.42894736842105263,0.5611015490533563,7,3285,42,84
3,current+wind_speed_ms | env only,0.721394920868605,0.8112781952743658,0.8030200203596879,0.8030203356184937,0.6666666666666666,0.6923076923076923,0.07105263157894737,0.1288782816229117,7,3285,42,84
3,current+wind_speed_ms | with history,0.8190172984909826,0.7884300969989103,0.7258228707159824,0.7297220875747294,0.7406392694063927,0.6925133689839572,0.4543859649122807,0.548728813559322,7,3285,42,84
3,current+wind_u_ms | env only,0.6998257882468408,0.7949443093473391,0.8254156769596199,0.8260912217528795,0.6721461187214612,0.9565217391304348,0.05789473684210526,0.10918114143920596,7,3285,42,84
3,current+wind_u_ms | with history,0.8175058275058273,0.7896952033493745,0.7484673679448026,0.7493479214274174,0.7287671232876712,0.6498194945848376,0.47368421052631576,0.547945205479452,7,3285,42,84
3,current+wind_v_ms | env only,0.7035144971987077,0.8037152545627521,0.8253478113335595,0.8259815802229762,0.6779299847792999,0.9880952380952381,0.07280701754385965,0.13562091503267973,7,3285,42,84
3,current+wind_v_ms | with history,0.8169124442808653,0.7850740882242763,0.7586132790408324,0.758875193315329,0.7461187214611872,0.6997389033942559,0.47017543859649125,0.5624344176285414,7,3285,42,84
3,current+uo | env only,0.6970653907496012,0.7939131239071611,0.8250876597669947,0.8246197170094408,0.6776255707762557,0.9764705882352941,0.07280701754385965,0.13551020408163264,7,3285,42,84
3,current+uo | with history,0.8207635055003477,0.7935787899559267,0.7469290804207669,0.7490651616924037,0.7439878234398782,0.6934023285899095,0.47017543859649125,0.560376372190277,7,3285,42,84
3,current+vo | env only,0.7042763669079458,0.8053513090282804,0.8664517588508087,0.8636809546891951,0.6627092846270929,0.625,0.07017543859649122,0.12618296529968454,7,3285,42,84
3,current+vo | with history,0.82852656115814,0.7932348979227172,0.7658183463409116,0.7672887380836969,0.7366818873668188,0.6725219573400251,0.47017543859649125,0.5534331440371709,7,3285,42,84
3,all | env only,0.7379937022042286,0.8413724606561832,0.7946951702296121,0.782350021928306,0.6907153729071537,0.748,0.16403508771929826,0.26906474820143883,7,3285,42,84
3,all | with history,0.8503954525007157,0.8241292199071762,0.703268860988576,0.7017808092699028,0.7561643835616438,0.7627906976744186,0.43157894736842106,0.5512605042016807,7,3285,42,84
4,current | env only,0.7215435547848144,0.8048038331341765,0.5619162640901771,0.5393185873955104,0.6417047184170472,0.4117647058823529,0.01797945205479452,0.034454470877768664,7,3285,42,84
4,current | with history,0.842971282701678,0.8141131701570657,0.5523924545663677,0.5412205316051469,0.7692541856925419,0.735632183908046,0.547945205479452,0.6280667320902846,7,3285,42,84
4,current+CHL | env only,0.7254842566050435,0.79951082074353,0.5491833448355188,0.5301317272471119,0.6417047184170472,0.423728813559322,0.021404109589041095,0.040749796251018745,7,3285,42,84
4,current+CHL | with history,0.8440785940300632,0.8153400751212682,0.5247412008281573,0.5214731849347234,0.7668188736681887,0.7326388888888888,0.5419520547945206,0.6230314960629921,7,3285,42,84
4,current+so | env only,0.7093048931998629,0.7888488661335157,0.5839544513457557,0.564055602517141,0.6453576864535768,0.5263157894736842,0.025684931506849314,0.04897959183673469,7,3285,42,84
4,current+so | with history,0.8257088733734089,0.8184850948976415,0.5121808143547275,0.5009627125011742,0.7171993911719939,0.6015293118096856,0.6061643835616438,0.6038379530916844,7,3285,42,84
4,current+mlotst | env only,0.7154767990371488,0.7843210489504083,0.5453416149068323,0.5271848877618108,0.6474885844748859,0.5925925925925926,0.0273972602739726,0.05237315875613748,7,3285,42,84
4,current+mlotst | with history,0.8303718754246446,0.7897613386713915,0.5144237405106971,0.5046785479477787,0.7768645357686453,0.7561837455830389,0.5496575342465754,0.6365889935547844,7,3285,42,84
4,current+NDVI_daily | env only,0.5858538349046531,0.6195177632343459,0.5201173222912354,0.5230874894336434,0.6505327245053273,0.6388888888888888,0.039383561643835614,0.07419354838709677,7,3285,42,84
4,current+NDVI_daily | with history,0.7477271403705165,0.6360927339970789,0.4792845640671727,0.4827885789424251,0.6757990867579908,0.5676741130091985,0.3698630136986301,0.447900466562986,7,3285,42,84
4,current+wind_speed_ms | env only,0.7475673931189781,0.8104270395115997,0.6351966873706003,0.6170282708744248,0.6301369863013698,0.3233082706766917,0.036815068493150686,0.06610299769408147,7,3285,42,84
4,current+wind_speed_ms | with history,0.8586564406856433,0.8124640807536496,0.5713020473890039,0.5540410444256598,0.7786910197869102,0.7289719626168224,0.601027397260274,0.65884561238855,7,3285,42,84
4,current+wind_u_ms | env only,0.7224688755734725,0.8052643922152317,0.5576144467448815,0.5296268902038133,0.6426179604261796,0.4444444444444444,0.02054794520547945,0.03927986906710311,7,3285,42,84
4,current+wind_u_ms | with history,0.8443608815783514,0.8152507193302806,0.5415228893489763,0.5194538367615291,0.7668188736681887,0.7415865384615384,0.5282534246575342,0.617,7,3285,42,84
4,current+wind_v_ms | env only,0.7218852925760801,0.8011180059967152,0.5464458247066942,0.5103374189912651,0.6414003044140031,0.38095238095238093,0.0136986301369863,0.026446280991735537,7,3285,42,84
4,current+wind_v_ms | with history,0.8396845335542026,0.8104317418065381,0.5420749942489073,0.522887902695595,0.7452054794520548,0.701093560145808,0.4940068493150685,0.5796082370668006,7,3285,42,84
4,current+uo | env only,0.7198732860535392,0.8076599600503078,0.5738555325511847,0.5623062834601296,0.6401826484018265,0.38333333333333336,0.019691780821917807,0.03745928338762215,7,3285,42,84
4,current+uo | with history,0.8424414880193606,0.8156946723758203,0.5520703933747412,0.539617967502583,0.7525114155251141,0.693565976008724,0.5445205479452054,0.6100719424460431,7,3285,42,84
4,current+vo | env only,0.7285607055732783,0.7902742599036524,0.581458477110651,0.5625410913872453,0.6398782343987823,0.35294117647058826,0.015410958904109588,0.029532403609515995,7,3285,42,84
4,current+vo | with history,0.8408318828013278,0.8070264352085729,0.5612491373360939,0.5514053254437871,0.745814307458143,0.6780748663101605,0.5428082191780822,0.6029481692819781,7,3285,42,84
4,all | env only,0.59838408577659,0.6053563015789173,0.519898780768346,0.5188961679346294,0.6569254185692542,0.6073298429319371,0.09931506849315068,0.17071376011773362,7,3285,42,84
4,all | with history,0.7406185898887674,0.6351106576136185,0.4300207039337474,0.42187353245045556,0.6471841704718417,0.5051428571428571,0.3784246575342466,0.43269701419481155,7,3285,42,84
5,current | env only,0.48749322805356127,0.3705292792896528,0.5234968354430379,0.5223712108188643,0.76775956284153,0.34579439252336447,0.050546448087431695,0.08820023837902265,3,3294,35,70
5,current | with history,0.5684969051671551,0.34602144878516466,0.2131781193490054,0.2171738009283136,0.6423800850030358,0.31069609507640067,0.5,0.3832460732984293,3,3294,35,70
5,current+CHL | env only,0.4956755523135528,0.3785480229501874,0.523248191681736,0.5238553664546445,0.761384335154827,0.2857142857142857,0.04918032786885246,0.08391608391608392,3,3294,35,70
5,current+CHL | with history,0.5671697103099951,0.37548709875646696,0.20352622061482822,0.20506561228582892,0.6469338190649666,0.31470335339638866,0.5,0.3862796833773087,3,3294,35,70
5,current+so | env only,0.48926939762736593,0.3777608707678986,0.5597423146473779,0.5651194773938456,0.7525804493017608,0.2995169082125604,0.08469945355191257,0.13205537806176784,3,3294,35,70
5,current+so | with history,0.5641943196699982,0.34193027472342,0.21110985533453888,0.21920806830554118,0.6363084395871281,0.3055091819699499,0.5,0.37927461139896373,3,3294,35,70
5,current+mlotst | env only,0.48906837213072096,0.3797776465276099,0.5352961121157324,0.5321185032376368,0.761384335154827,0.30434782608695654,0.05737704918032787,0.09655172413793103,3,3294,35,70
5,current+mlotst | with history,0.5670731967426405,0.34614582899116564,0.21576627486437616,0.2209271674975646,0.6490588949605343,0.3166089965397924,0.5,0.3877118644067797,3,3294,35,70
5,current+NDVI_daily | env only,0.48711570537020676,0.3677061836031898,0.5173937613019892,0.5205088533608389,0.7650273224043715,0.34328358208955223,0.06284153005464481,0.10623556581986143,3,3294,35,70
5,current+NDVI_daily | with history,0.567385666082253,0.3564497347783493,0.21139240506329116,0.21519110652684656,0.6417729204614451,0.3101694915254237,0.5,0.38284518828451886,3,3294,35,70
5,current+wind_speed_ms | env only,0.5241214599250074,0.33840443293997674,0.5699141048824593,0.5703283479456764,0.674863387978142,0.2347417840375587,0.20491803278688525,0.2188183807439825,3,3294,35,70
5,current+wind_speed_ms | with history,0.5566977216399414,0.3295050174745467,0.20864602169981916,0.21674402613030772,0.6275045537340619,0.2982885085574572,0.5,0.37366003062787134,3,3294,35,70
5,current+wind_u_ms | env only,0.4949434355843923,0.3720099953020413,0.5367879746835442,0.5379290585066758,0.765330904675167,0.34108527131782945,0.060109289617486336,0.10220673635307782,3,3294,35,70
5,current+wind_u_ms | with history,0.5686424753543807,0.34614399891357195,0.2223101265822785,0.22611311672683512,0.6451123254401943,0.31308810949529514,0.5,0.38506049447659124,3,3294,35,70
5,current+wind_v_ms | env only,0.4915020070556217,0.3430094596529248,0.553367992766727,0.55368173743625,0.73618700667881,0.16908212560386474,0.04781420765027322,0.07454739084132056,3,3294,35,70
5,current+wind_v_ms | with history,0.566190177584964,0.3308503492227234,0.22813065099457502,0.22932783221591882,0.6420765027322405,0.3104325699745547,0.5,0.38304552590266877,3,3294,35,70
5,current+uo | env only,0.5136281422897924,0.38796538349979154,0.5073010849909585,0.506836284453613,0.7355798421372192,0.20425531914893616,0.06557377049180328,0.09927611168562564,3,3294,35,70
5,current+uo | with history,0.5694545757028961,0.35233445786265444,0.21351717902350814,0.21790728325024356,0.6463266545233758,0.3141630901287554,0.5,0.385872430152873,3,3294,35,70
5,current+vo | env only,0.4890433105966565,0.3820816012762683,0.5384154611211573,0.5293278322159188,0.7537947783849424,0.2484076433121019,0.05327868852459016,0.08773903262092239,3,3294,35,70
5,current+vo | with history,0.5652746317554165,0.34638373188586585,0.221496383363472,0.2239126697610452,0.6481481481481481,0.3157894736842105,0.5,0.3870967741935484,3,3294,35,70
5,all | env only,0.5688957568156707,0.2555265861990635,0.5540009041591321,0.5510114033579738,0.6979356405585914,0.33205619412515963,0.3551912568306011,0.3432343234323432,3,3294,35,70
5,all | with history,0.5425571509621496,0.29189304556996526,0.1906758589511754,0.18997192137986357,0.6244687310261081,0.29587712206952305,0.5,0.37176231589639414,3,3294,35,70
6,current | env only,0.6547479457990222,0.4992506851763474,0.6669743826448189,0.6697565574041611,0.7933010926025434,1.0,0.06634304207119741,0.1244309559939302,2,5583,14,28
6,current | with history,0.9598899438142436,0.530588141599253,0.9603376083874584,0.9615238315747693,0.9371305749596991,0.9643231899265478,0.7435275080906149,0.8396528095020558,2,5583,14,28
6,current+CHL | env only,0.6427411904054651,0.45403201997348097,0.6836569846032112,0.6979294148777826,0.7927637470893785,0.8910891089108911,0.07281553398058252,0.13462976813762154,2,5583,14,28
6,current+CHL | with history,0.9537606562722645,0.46771551939696765,0.9563812600969306,0.9620282472794628,0.9313988894859394,0.9475341028331584,0.7305825242718447,0.8250342622201918,2,5583,14,28
6,current+so | env only,0.5906411295816109,0.49495273895320036,0.607530249579638,0.613584493765091,0.800107469102633,0.9285714285714286,0.10517799352750809,0.18895348837209303,2,5583,14,28
6,current+so | with history,0.9584346754038607,0.5278678110386925,0.9552767795324915,0.9571990870902656,0.9356976535912592,0.9650053022269353,0.7362459546925566,0.8352455254703993,2,5583,14,28
6,current+mlotst | env only,0.6570111589810479,0.5205022791092933,0.6431044146253009,0.6408312109284556,0.7958087049973133,1.0,0.07766990291262135,0.14414414414414414,2,5583,14,28
6,current+mlotst | with history,0.9599777922206513,0.5301377950993028,0.9607662127855989,0.9614328713657262,0.9376679204728641,0.9673684210526315,0.7435275080906149,0.8408051235132662,2,5583,14,28
6,current+NDVI_daily | env only,0.7078070804326608,0.5601866605392667,0.85950018133263,0.8346260708497338,0.799391008418413,1.0,0.09385113268608414,0.17159763313609466,2,5583,14,28
6,current+NDVI_daily | with history,0.9616900916675787,0.5556197883749321,0.9704262965283044,0.9749445969635828,0.937847035643919,0.8965209634255129,0.8131067961165048,0.8527789563003818,2,5583,14,28
6,current+wind_speed_ms | env only,0.6517795258121697,0.43631028300520336,0.6118987174837625,0.6168094466311647,0.770732581049615,0.4083333333333333,0.07928802588996764,0.13279132791327913,2,5583,14,28
6,current+wind_speed_ms | with history,0.9582113319977397,0.49982672849638277,0.9564471992351061,0.9608871101114677,0.9315780046569945,0.9321862348178138,0.7451456310679612,0.8282374100719424,2,5583,14,28
6,current+wind_u_ms | env only,0.6572912688362245,0.5113488734595193,0.6777389469519634,0.6795554526510766,0.7945548987999284,1.0,0.07200647249190939,0.13433962264150942,2,5583,14,28
6,current+wind_u_ms | with history,0.9612257235023521,0.5277347118132443,0.955458112162474,0.9564052525386167,0.9339065018807093,0.9626467449306296,0.7297734627831716,0.8301886792452831,2,5583,14,28
6,current+wind_v_ms | env only,0.6513992836632488,0.4974370651856507,0.6928554943786885,0.6907104819237257,0.7943757836288734,1.0,0.07119741100323625,0.13293051359516617,2,5583,14,28
6,current+wind_v_ms | with history,0.9599221424886263,0.5238419912712992,0.9634202630971613,0.96498858862832,0.9364141142754792,0.964172813487882,0.7402912621359223,0.8375286041189931,2,5583,14,28
6,current+uo | env only,0.6350827450095777,0.5102788821407939,0.640747090435528,0.6474216915291238,0.7950922443130933,0.8333333333333334,0.09304207119741101,0.16739446870451238,2,5583,14,28
6,current+uo | with history,0.9606701567796263,0.524756311040578,0.957551679799545,0.9622845896867661,0.9294286226043346,0.9358178053830227,0.7313915857605178,0.821071752951862,2,5583,14,28
6,current+vo | env only,0.6652089787027173,0.47177220817528503,0.6676008044574857,0.6731965071279726,0.8054809242342826,1.0,0.12135922330097088,0.21645021645021645,2,5583,14,28
6,current+vo | with history,0.9593418218717219,0.4777139104680293,0.9578154363522469,0.962144014818245,0.9269210102095647,0.9303534303534303,0.7241100323624595,0.8143767060964513,2,5583,14,28
6,all | env only,0.6418872741160626,0.41397904663404067,0.6593748969700967,0.6802996725432474,0.7879276374708938,0.5572687224669604,0.20469255663430422,0.29940828402366865,2,5583,14,28
6,all | with history,0.9533843226329507,0.4056964918221186,0.9157132966272131,0.932623292428803,0.9292495074332796,0.8918918918918919,0.7742718446601942,0.8289302728453876,2,5583,14,28
