held_out_site,auc,positive_rate,n
Cancabato Bay,0.5590973329702957,0.054178674351585014,1735
Dumanquillas Bay,,1.0,1717
Gigantes Islands,0.8357318376068377,0.0681421083284799,1717
Matarinao Bay,0.5674426566244437,0.48223645894001166,1717
Milagros (Masbate),0.455997774899827,0.3561959654178674,1735
Pilar,0.8494620053492359,0.1415259172976121,1717
President Roxas,0.8117573269472004,0.13803145020384391,1717
Roxas City,0.8752353191230946,0.128130460104834,1717
Sapian Bay,0.867977440757115,0.12463599301106582,1717
