split,model,pooled_auc,per_site_auc,onset_auc_7d,onset_auc_14d,n_sites_scored,n_rows,n_onset_pos_7d,n_onset_pos_14d
1,persistence,0.9924242424242424,0.9924242424242424,0.5,0.5,1,2439,8,28
1,site_prior,0.9627054361567635,0.5,0.9013630600169062,0.8234685178419194,1,2439,8,28
1,climatology,0.9541719342604298,0.8490412600582091,0.8008770076077768,0.7362836438923396,1,2439,8,28
1,history_only,0.9887401192710926,0.8490412600582091,0.8891325021132713,0.7862318840579711,1,2439,8,28
1,env_only,0.598156022934784,0.8758774182502996,0.6143279797125951,0.6097917427840701,1,2439,8,28
1,env_model,0.8824336921682054,0.8657764081492896,0.9000422654268808,0.8255541346973572,1,2439,8,28
2,persistence,0.9929245283018868,0.9924336156847815,0.5,0.5,2,2319,23,46
2,site_prior,0.6718088813660577,0.5,0.7486224938648887,0.7962615727176843,2,2319,23,46
2,climatology,0.5083549061582118,0.6642692750287686,0.5403180997360744,0.5293331770772296,2,2319,23,46
2,history_only,0.5290337033902524,0.6642692750287686,0.6402278094179747,0.7059767959685925,2,2319,23,46
2,env_only,0.6078384029471797,0.627852138978055,0.6556929203130064,0.5661666471346536,2,2319,23,46
2,env_model,0.7669811320754718,0.6397091693560715,0.7394777052368384,0.7298136645962733,2,2319,23,46
3,persistence,0.9922341696535245,0.9793787496544347,0.5,0.5,5,2208,97,209
3,site_prior,0.6944673197231961,0.5,0.5713959579938961,0.5627466150870406,5,2208,97,209
3,climatology,0.5823666894112296,0.6060564491187456,0.5086831839409158,0.4654240048864908,5,2208,97,209
3,history_only,0.6830976526042525,0.6031473463230901,0.4858898260960117,0.46884658454647254,5,2208,97,209
3,env_only,0.7615402513404913,0.7798046851258142,0.2647009348040276,0.25041636974447723,5,2208,97,209
3,env_model,0.8080367607908137,0.7696999396788662,0.4033515167535786,0.41353557976178357,5,2208,97,209
4,persistence,0.9943429302279821,0.9904741751911563,0.5,0.5,5,2016,23,58
4,site_prior,0.7607941462619614,0.5,0.5922963081476741,0.598908483020847,5,2016,23,58
4,climatology,0.621383276539036,0.6664553746284072,0.4723411063557458,0.43486134784318864,5,2016,23,58
4,history_only,0.7804525258307221,0.6712606840264457,0.6184152633894644,0.6125360561164285,5,2016,23,58
4,env_only,0.7405698112720036,0.8450020488469636,0.6363345466181354,0.48883899305100303,5,2016,23,58
4,env_model,0.8875870423537385,0.8510628739114704,0.6808927642894285,0.6340140291071195,5,2016,23,58
5,persistence,0.9973913043478261,0.992822966507177,0.5,0.5,1,2461,14,21
5,site_prior,0.6419180229609479,0.5,0.01200000000000001,0.010171306209850128,1,2461,14,21
5,climatology,0.8714016321637696,0.33757689678742314,0.908952380952381,0.9353268073824819,1,2461,14,21
5,history_only,0.6401650606298123,0.33757689678742314,0.0026666666666666783,0.002319771591720217,1,2461,14,21
5,env_only,0.5964571902807875,0.2349624060150376,0.48807619047619044,0.5377791373508718,1,2461,14,21
5,env_model,0.6470100050716955,0.19583048530416952,0.021790476190476193,0.044509024166411754,1,2461,14,21
6,persistence,1.0,1.0,0.5,0.5,1,3965,2,9
6,site_prior,0.9952338826840116,0.5,0.9898764584763212,0.9910560715514276,1,3965,2,9
6,climatology,0.9674103365802691,0.8795184854928322,0.9131777625257378,0.914172686618507,1,3965,2,9
6,history_only,0.9986501613006574,0.8583922079703683,0.9969114619080301,0.9981080151358788,1,3965,2,9
6,env_only,0.8486588572825907,0.34683448796213734,0.8893273850377488,0.8790276344455911,1,3965,2,9
6,env_model,0.9950060218040305,0.5297002537896975,0.9816403568977351,0.982494362267324,1,3965,2,9
