site,first_mention,positive_share,onsets_F_to_P,onset_years,median_positive_run_days,median_free_run_days,bulletin_mentions
Matarinao Bay,2016-01-22,0.475,11,9,170,182,219
Milagros (Masbate),2016-01-22,0.275,11,8,91,169,261
Cancabato Bay,2016-01-22,0.152,9,6,40,196,214
Irong-irong Bay,2016-01-22,0.339,9,8,114,151,208
Carigara Bay,2016-01-22,0.205,8,5,43,186,216
San Pedro Bay,2016-09-26,0.229,8,6,50,197,124
Biliran,2016-01-22,0.18,7,5,89,276,216
Daram Island,2016-01-22,0.193,7,6,85,141,220
Maqueda Bay,2016-01-22,0.106,7,5,47,374,222
Puerto Princesa Bay,2017-01-30,0.23,7,6,91,184,210
Cambatutay Bay,2016-01-22,0.178,6,5,63,558,222
Lianga Bay,2016-01-22,0.504,6,4,164,36,220
Villareal Bay,2016-01-22,0.081,6,4,34,194,222
Bolinao/Anda,2016-01-22,0.09,5,4,64,313,270
Honda Bay,2016-01-22,0.095,5,5,42,659,282
Balite Bay (Mati),2016-01-22,0.16,4,3,43,318,214
Gigantes Islands,2016-01-22,0.101,3,3,87,626,249
Dauis/Tagbilaran,2016-01-22,0.645,2,2,172,316,259
Hinatuan,2016-01-22,0.049,2,2,168,918,221
Ormoc Bay,2020-03-13,0.085,2,2,48,652,88
President Roxas,2016-01-22,0.068,2,2,127,1019,277
Roxas City,2016-01-22,0.059,2,2,110,1016,278
Sapian Bay,2016-01-22,0.063,2,2,97,1016,283
Zumarraga,2020-09-26,0.184,2,2,159,283,94
Bais/Siit Bay,2017-08-03,0.072,1,1,191,1482,145
Batan Bay (Aklan),2016-01-22,0.008,1,1,15,1937,249
Bislig Bay,2016-01-22,0.014,1,1,54,1926,205
Calubian,2016-11-11,0.034,1,1,58,1748,184
Dumanquillas Bay,2016-01-29,0.517,1,1,1925,1974,228
Guiuan,2021-05-08,0.037,1,1,73,950,79
Litalit Bay,2021-05-08,0.104,1,1,205,884,30
Malampaya Sound,2016-01-22,0.038,1,1,141,1882,258
Mandaon (Masbate),2016-01-22,0.058,1,1,217,1844,267
Murcielagos Bay,2016-01-22,0.024,1,1,91,1907,213
Naval (Biliran),2016-01-22,0.951,1,1,1861,184,31
Panguil Bay,2020-09-26,0.008,1,1,17,1090,98
Sorsogon Bay,2016-01-22,0.01,1,1,38,1934,279
Tambobo Bay (Siaton),2017-08-15,0.067,1,1,183,1484,154
Tantanang Bay,2016-01-22,0.147,1,1,547,3359,192
Tungawan,2024-08-03,0.29,1,1,114,280,60
Balasan,2024-08-30,0.0,0,0,0,763,56
Bancal Bay (Carles),2024-09-16,0.0,0,0,0,746,55
Bogo Bay,2026-06-24,0.0,0,0,0,100,10
Concepcion (Iloilo),2024-09-16,0.0,0,0,0,746,56
Dumangas,2024-09-16,0.0,0,0,0,746,55
Estancia,2024-08-30,0.0,0,0,0,763,57
Juag Lagoon,2016-01-22,0.0,0,0,0,3906,269
Manila Bay (Bataan etc.),2016-01-22,0.0,0,0,0,3906,257
Masinloc Bay,2016-01-22,0.0,0,0,0,3906,276
Pilar (Capiz),2016-01-22,0.022,0,0,82,3824,165
Sapang Dalaga/Baliangao,2021-06-25,0.04,0,0,77,1848,95
Sogod Bay,2022-12-22,0.0,0,0,0,1380,74
