site,bulletin_date,"new_state(P=positive,F=free)",shellfish_bulletin_no,series_year
Milagros (Masbate),2016-01-22,F,1,2016
Milagros (Masbate),2016-10-26,P,31,2016
Milagros (Masbate),2016-11-22,F,36,2016
Milagros (Masbate),2017-03-06,P,8,2017
Milagros (Masbate),2017-04-12,F,14,2017
Milagros (Masbate),2017-08-30,P,30,2017
Milagros (Masbate),2017-10-30,F,35,2017
Milagros (Masbate),2018-01-30,P,4,2018
Milagros (Masbate),2018-03-07,F,8,2018
Milagros (Masbate),2018-09-21,P,24,2018
Milagros (Masbate),2018-12-14,F,30,2018
Milagros (Masbate),2020-09-26,P,21,2020
Milagros (Masbate),2021-05-08,F,14,2021
Milagros (Masbate),2021-06-25,P,19,2021
Milagros (Masbate),2021-09-24,F,27,2021
Milagros (Masbate),2021-12-29,P,36,2021
Milagros (Masbate),2022-07-22,F,13,2022
Milagros (Masbate),2022-10-07,P,20,2022
Milagros (Masbate),2023-04-20,F,11,2023
Milagros (Masbate),2024-01-25,P,2,2024
Milagros (Masbate),2024-05-03,F,9,2024
Milagros (Masbate),2025-02-07,P,5,2025
Milagros (Masbate),2025-06-09,F,13,2025
Cancabato Bay,2016-01-22,F,2,2016
Cancabato Bay,2016-08-25,P,25,2016
Cancabato Bay,2016-09-26,F,28,2016
Cancabato Bay,2019-01-14,P,1,2019
Cancabato Bay,2019-03-05,F,5,2019
Cancabato Bay,2019-08-29,P,15,2019
Cancabato Bay,2019-10-30,F,19,2019
Cancabato Bay,2019-11-15,P,21,2019
Cancabato Bay,2020-03-13,F,6,2020
Cancabato Bay,2020-07-20,P,13,2020
Cancabato Bay,2021-06-25,F,19,2021
Cancabato Bay,2021-11-05,P,29,2021
Cancabato Bay,2021-11-26,F,32,2021
Cancabato Bay,2021-12-29,P,36,2021
Cancabato Bay,2022-02-07,F,2,2022
Cancabato Bay,2023-01-25,P,3,2023
Cancabato Bay,2023-02-21,F,5,2023
Cancabato Bay,2024-07-31,P,17,2024
Cancabato Bay,2024-08-30,F,22,2024
San Pedro Bay,2016-09-26,F,28,2016
San Pedro Bay,2019-06-28,P,12,2019
San Pedro Bay,2019-07-24,F,13,2019
San Pedro Bay,2020-02-06,P,3,2020
San Pedro Bay,2021-09-10,F,26,2021
San Pedro Bay,2021-11-05,P,29,2021
San Pedro Bay,2021-11-26,F,32,2021
San Pedro Bay,2021-12-29,P,36,2021
San Pedro Bay,2022-02-07,F,2,2022
San Pedro Bay,2022-11-21,P,23,2022
San Pedro Bay,2023-01-16,F,2,2023
San Pedro Bay,2023-01-25,P,3,2023
San Pedro Bay,2023-03-10,F,7,2023
San Pedro Bay,2023-04-05,P,10,2023
San Pedro Bay,2023-06-27,F,16,2023
San Pedro Bay,2024-01-25,P,2,2024
San Pedro Bay,2024-05-03,F,9,2024
Maqueda Bay,2016-01-22,F,1,2016
Maqueda Bay,2016-07-20,P,21,2016
Maqueda Bay,2016-09-07,F,26,2016
Maqueda Bay,2017-01-14,P,2,2017
Maqueda Bay,2017-02-02,F,5,2017
Maqueda Bay,2017-08-15,P,27,2017
Maqueda Bay,2018-01-15,F,2,2018
Maqueda Bay,2019-07-24,P,13,2019
Maqueda Bay,2019-09-09,F,16,2019
Maqueda Bay,2021-05-12,P,15,2021
Maqueda Bay,2021-06-25,F,19,2021
Maqueda Bay,2021-11-05,P,29,2021
Maqueda Bay,2021-11-26,F,32,2021
Maqueda Bay,2024-08-16,P,20,2024
Maqueda Bay,2024-10-16,F,26,2024
