year,month,oni
2014,1,-0.24
2014,2,-0.21
2014,3,-0.02
2014,4,0.25
2014,5,0.35
2014,6,0.22
2014,7,0.07
2014,8,0.07
2014,9,0.24
2014,10,0.51
2014,11,0.7
2014,12,0.8
2015,1,0.73
2015,2,0.65
2015,3,0.72
2015,4,0.86
2015,5,1.04
2015,6,1.19
2015,7,1.44
2015,8,1.73
2015,9,2.02
2015,10,2.28
2015,11,2.45
2015,12,2.59
2016,1,2.5
2016,2,2.21
2016,3,1.69
2016,4,1.11
2016,5,0.57
2016,6,0.09
2016,7,-0.19
2016,8,-0.34
2016,9,-0.42
2016,10,-0.51
2016,11,-0.49
2016,12,-0.37
2017,1,-0.08
2017,2,0.08
2017,3,0.27
2017,4,0.32
2017,5,0.35
2017,6,0.32
2017,7,0.14
2017,8,-0.07
2017,9,-0.23
2017,10,-0.44
2017,11,-0.61
2017,12,-0.76
2018,1,-0.71
2018,2,-0.67
2018,3,-0.55
2018,4,-0.35
2018,5,-0.07
2018,6,0.13
2018,7,0.2
2018,8,0.3
2018,9,0.52
2018,10,0.82
2018,11,1.04
2018,12,1.05
2019,1,0.99
2019,2,0.94
2019,3,0.87
2019,4,0.82
2019,5,0.71
2019,6,0.59
2019,7,0.38
2019,8,0.2
2019,9,0.31
2019,10,0.51
2019,11,0.72
2019,12,0.75
2020,1,0.71
2020,2,0.66
2020,3,0.57
2020,4,0.33
2020,5,0.04
2020,6,-0.18
2020,7,-0.29
2020,8,-0.43
2020,9,-0.77
2020,10,-1.0
2020,11,-1.11
2020,12,-1.06
2021,1,-0.99
2021,2,-0.85
2021,3,-0.74
2021,4,-0.56
2021,5,-0.4
2021,6,-0.31
2021,7,-0.35
2021,8,-0.46
2021,9,-0.64
2021,10,-0.77
2021,11,-0.91
2021,12,-0.83
2022,1,-0.76
2022,2,-0.68
2022,3,-0.77
2022,4,-0.86
2022,5,-0.83
2022,6,-0.73
2022,7,-0.7
2022,8,-0.78
2022,9,-0.87
2022,10,-0.89
2022,11,-0.82
2022,12,-0.7
2023,1,-0.55
2023,2,-0.33
2023,3,-0.11
2023,4,0.19
2023,5,0.46
2023,6,0.73
2023,7,1.0
2023,8,1.25
2023,9,1.5
2023,10,1.74
2023,11,1.9
2023,12,1.99
2024,1,1.84
2024,2,1.53
2024,3,1.18
2024,4,0.77
2024,5,0.43
2024,6,0.18
2024,7,0.06
2024,8,-0.04
2024,9,-0.12
2024,10,-0.19
2024,11,-0.29
2024,12,-0.43
2025,1,-0.46
2025,2,-0.22
2025,3,-0.08
2025,4,0.02
2025,5,-0.04
2025,6,-0.02
2025,7,-0.11
2025,8,-0.26
2025,9,-0.43
2025,10,-0.57
2025,11,-0.61
2025,12,-0.6
2026,1,-0.39
2026,2,-0.21
2026,3,0.11
2026,4,0.46
2026,5,0.95
2026,6,1.39
2026,7,1.8
2026,8,2.16
