model,threshold,accuracy,precision,recall,f1,f2
lstm,0.05,0.3946001410889502,0.27124833997343956,0.8319755600814664,0.40911367050575864,0.5886167146974063
lstm,0.1,0.4532803180914513,0.2901488176755227,0.8090631364562119,0.42712183321013375,0.5959122445152822
lstm,0.15,0.4823318155582633,0.2978142076502732,0.7769857433808554,0.4305869074492099,0.5878274268104776
lstm,0.2,0.5533252100301417,0.31555933438600753,0.6614052953156823,0.4272674944494696,0.5424932136145333
lstm,0.21,0.5778875136279099,0.32557833859095686,0.6306008146639511,0.4294382801664355,0.5310891938250428
lstm,0.22,0.6117488616686975,0.34647602541883304,0.6107433808553971,0.44213048286030227,0.5299081109736703
lstm,0.23,0.6404797024305778,0.36695210910244214,0.5891038696537678,0.45221809654094197,0.5254791534199291
lstm,0.24,0.6638876418905919,0.3858062271699426,0.564663951120163,0.4584065309496745,0.5167513163412703
lstm,0.25,0.6854357724620022,0.40672140538476226,0.5422606924643585,0.46481178396072015,0.5083774881855936
lstm,0.26,0.7060219329186174,0.43163818257607334,0.5272403258655805,0.4746733898693559,0.5048756704046806
lstm,0.27,0.7315462066311806,0.46994408201304755,0.5134928716904277,0.49075425790754257,0.5041491701659668
lstm,0.28,0.7571987430257167,0.5185669456066946,0.504837067209776,0.5116099071207431,0.5075245700245701
lstm,0.29,0.7756044378887963,0.5619763074255996,0.49516293279022405,0.5264582487481392,0.5072236999947843
lstm,0.3,0.7879176553581735,0.5975494816211122,0.48421588594704684,0.5349458585290395,0.5033077533739084
lstm,0.31,0.7930481626370808,0.6167166167166167,0.4714867617107943,0.5344106189583033,0.49479027518033664
lstm,0.32,0.7967036490733022,0.6317802503477051,0.4625763747454175,0.5340975896531452,0.48875618678717453
lstm,0.33,0.7979221445520426,0.640506329113924,0.4508655804480652,0.5292096219931272,0.47924446609298044
lstm,0.34,0.7978580132110562,0.6448842419716206,0.43966395112016293,0.5228580078716318,0.4695486677542142
lstm,0.35,0.7972808311421792,0.6475567525971527,0.4284623217922607,0.515703998774322,0.45955982742613727
lstm,0.36,0.798563457961906,0.6591184795794581,0.414969450101833,0.5092954225902203,0.4481715699752543
lstm,0.37,0.8004232668505098,0.6708542713567839,0.4078411405295316,0.5072830905636478,0.4425414364640884
lstm,0.38,0.8008080548964279,0.6802631578947368,0.394857433808554,0.4996778350515464,0.4310248999555358
lstm,0.39,0.8001667414865645,0.6867525298988041,0.38009164969450104,0.4893477548344805,0.41736553729173653
lstm,0.4,0.7995254280767011,0.6933461909353905,0.36608961303462323,0.47917360879706766,0.4042505341279658
lstm,0.41,0.7959982043224524,0.6900763358778625,0.34521384928716903,0.4602070252842355,0.3835492447813543
lstm,0.42,0.7925992432501764,0.6853632478632479,0.3266293279022403,0.44241379310344825,0.36482029117379433
lstm,0.43,0.7892002821779004,0.6832475700400229,0.30422606924643586,0.4209970054606306,0.34219116889067064
lstm,0.44,0.7856730584236516,0.6788766788766789,0.2830957230142566,0.3995688106360043,0.32046109510086457
lstm,0.45,0.7815045212595395,0.6749496306245802,0.25585539714867617,0.3710540889791397,0.29213417824545085
lstm,0.46,0.7803501571217855,0.6842490842490843,0.23778004073319756,0.3529189495560174,0.2734672366340692
lstm,0.47,0.7784903482331815,0.6905144694533762,0.21868635437881873,0.33217324052590874,0.2533026657230479
lstm,0.48,0.7759892259347143,0.6886383347788378,0.20213849287169042,0.31253690218460933,0.23539875481766973
lstm,0.49,0.7772718527544411,0.7132146204311153,0.19373727087576376,0.30470470470470473,0.22677155968770488
lstm,0.5,0.7793240556660039,0.7497435897435898,0.18609979633401222,0.29818478482561694,0.21903278000838977
lstm,0.55,0.7752196498428782,0.7816245006657789,0.1494399185336049,0.25090831374225264,0.1782785640527243
lstm,0.6,0.7700250112229847,0.7898305084745763,0.11863543788187372,0.20628596724214254,0.1429272481904061
lstm,0.65,0.7638042711473096,0.7777777777777778,0.08732179226069246,0.15701533531700618,0.10617222806908934
lstm,0.7,0.7507856089270827,0.605,0.03080448065173116,0.05862403100775194,0.03802161890397184
lstm,0.75,0.7472583851728339,0.30303030303030304,0.0025458248472505093,0.005049229992426155,0.0031756113051762463
lstm,0.8,0.7473866478548067,0.07692307692307693,0.0002545824847250509,0.0005074854097944684,0.0003179650238473768
lstm,0.85,0.7480920926056563,0.0,0.0,0.0,0.0
lstm,0.9,0.7480920926056563,0.0,0.0,0.0,0.0
lstm,0.95,0.7480920926056563,0.0,0.0,0.0,0.0
gru,0.05,0.4838068364009491,0.3063985718312506,0.830193482688391,0.44760140004117765,0.6186681844052362
gru,0.1,0.5957801577630988,0.3604418850628746,0.7808044806517311,0.4932057570153574,0.6331282771149003
gru,0.15,0.6929391393574039,0.4368018812463257,0.7566191446028513,0.5538576220648528,0.6599751287972997
gru,0.2,0.7502084268582057,0.5032967032967033,0.6412932790224033,0.5639762677711855,0.6079548197132789
gru,0.21,0.7535432565894953,0.5089681367377084,0.6140529531568228,0.5565939771547248,0.5897022150506088
gru,0.22,0.757262874366703,0.516013437849944,0.5865580448065173,0.5490289526986775,0.57094711800565
gru,0.23,0.7599563906881293,0.5220816423967534,0.5567718940936863,0.5388690402858198,0.5494698758856339
gru,0.24,0.7628423010325146,0.5293068297655453,0.5287678207739308,0.5290371879775854,0.5288755347321247
gru,0.25,0.765920605399859,0.5381030701754386,0.49974541751527496,0.5182154171066525,0.5069731404958677
gru,0.26,0.7723978708394793,0.5562815562815563,0.4768329938900204,0.5135023989033585,0.49085381833429426
gru,0.27,0.7782338228692361,0.5740390674228103,0.4638492871690428,0.5130949028442692,0.48236789155988563
gru,0.28,0.7824664913743347,0.5888594164456233,0.45213849287169044,0.511520737327189,0.4741563434429731
gru,0.29,0.786314371833515,0.6046348314606742,0.43839103869653767,0.5082644628099173,0.4639008620689655
gru,0.3,0.7902905149746681,0.6227611940298508,0.42489816700611,0.5051452784503632,0.45372988255763375
gru,0.31,0.7934970820239852,0.6400316455696202,0.4119144602851324,0.5012391573729864,0.44353070175438597
gru,0.32,0.7967677804142884,0.6572731040198923,0.40376782077393075,0.5002365557483047,0.43751724137931036
gru,0.33,0.798178669915988,0.6685369011653,0.39434826883910384,0.49607686148919133,0.42958566753563704
gru,0.34,0.7994612967357148,0.68,0.38518329938900203,0.4917926214854543,0.42175391648547694
gru,0.35,0.8007439235554416,0.6913752913752914,0.3775458248472505,0.4883912399143751,0.4152433219465756
gru,0.36,0.8025396011030591,0.704578313253012,0.37219959266802444,0.48708978843911377,0.4109743070782032
gru,0.37,0.8031167831719361,0.7134328358208956,0.365071283095723,0.482990906028966,0.4045818756348042
gru,0.38,0.8033733085358815,0.7196738022426096,0.3594704684317719,0.4794567062818336,0.39945682924069253
gru,0.39,0.8036939652408132,0.7258989056800417,0.35463340122199594,0.47648366683769455,0.3950428223016278
gru,0.4,0.8030526518309498,0.7278043593833068,0.34852342158859473,0.4713375796178344,0.38907520036378107
gru,0.41,0.8029885204899635,0.7323561346362649,0.3434317718940937,0.46759098786828424,0.38424290759940755
gru,0.42,0.8027319951260181,0.7366666666666667,0.3375763747454175,0.46298882681564246,0.3785975331201462
gru,0.43,0.8022189443981274,0.7411428571428571,0.33019348268839105,0.45685100387460376,0.37137784904363763
gru,0.44,0.8018982876931957,0.7454651843183148,0.3243380855397149,0.4520134823487671,0.36565065151254234
gru,0.45,0.8012569742833323,0.7480550568521843,0.3182281059063136,0.44650830505447403,0.359546683541391
gru,0.46,0.8015134996472776,0.756940160394818,0.31237270875763745,0.4422418453775455,0.35394911440604626
gru,0.47,0.8038222279227859,0.7801418439716312,0.3080448065173116,0.44168643913122835,0.350460522504779
gru,0.48,0.8048483293785673,0.7955911823647295,0.30320773930753564,0.43907834101382487,0.3460398628624557
gru,0.49,0.8060026935163215,0.8168421052631579,0.29633401221995925,0.4348963198206613,0.3396160354787886
gru,0.5,0.8065157442442121,0.8366592756836659,0.28818737270875766,0.42870668434008713,0.3316730149428655
gru,0.55,0.8052331174244853,0.8791489361702127,0.2629837067209776,0.4048598863413678,0.30585657606442823
gru,0.6,0.7999102161226191,0.8833017077798861,0.2370162932790224,0.37374548374146926,0.27764523440295835
gru,0.65,0.7930481626370808,0.8933782267115601,0.20264765784114053,0.3303589956422494,0.23971571402758537
gru,0.7,0.7875328673122555,0.8998699609882965,0.17617107942973523,0.2946561635086225,0.2099387173108428
gru,0.75,0.7785544795741679,0.897822445561139,0.1364562118126273,0.2369060773480663,0.16432644552087805
gru,0.8,0.7646379785801322,0.8839285714285714,0.07561099796334013,0.13930581613508441,0.09253489531405783
gru,0.85,0.7560443788879625,0.9078947368421053,0.03513238289205703,0.06764705882352941,0.043494704992435705
gru,0.9,0.7507856089270827,0.9772727272727273,0.01094704684317719,0.0216515609264854,0.013645595328763646
gru,0.95,0.7481562239466427,1.0,0.0002545824847250509,0.0005090353779587681,0.0003182078533698212
transformer,0.05,0.2519079073943436,0.2519079073943436,1.0,0.40243839967214795,0.6273758185593356
transformer,0.1,0.2519079073943436,0.2519079073943436,1.0,0.40243839967214795,0.6273758185593356
transformer,0.15,0.3047521323670878,0.2500180805670066,0.880091649694501,0.38941143339904255,0.5851586038796168
transformer,0.2,0.7707945873148208,0.5396327810120913,0.6135437881873728,0.5742196807243269,0.5971850530280504
transformer,0.21,0.7940742640928622,0.5891569261377767,0.6031059063136456,0.5960498175871178,0.6002635179648305
transformer,0.22,0.8001026101455782,0.6223227752639517,0.52520366598778,0.5696534585116665,0.5421243496084511
transformer,0.23,0.8122875649329827,0.6661135081314304,0.5109470468431772,0.5783028382077511,0.5359145527369826
transformer,0.24,0.8233822869236196,0.7094932191291934,0.5061099796334012,0.5907875185735513,0.5368910014043426
transformer,0.25,0.8322965433207208,0.7487684729064039,0.5030549898167006,0.6017968631033958,0.5383902784589396
transformer,0.26,0.8423010325145899,0.8004089979550102,0.49821792260692466,0.6141534599089911,0.5389106129867269
transformer,0.27,0.8478804591804014,0.8365051903114187,0.4923625254582485,0.6198717948717949,0.5365068797159344
transformer,0.28,0.84948374270506,0.8591549295774648,0.4814154786150713,0.6170664056126611,0.5278289510411434
transformer,0.29,0.849676136728019,0.8739376770538244,0.47123217922606925,0.6123056566324843,0.5190689848569826
transformer,0.3,0.8489065606361829,0.8856722276741904,0.4595213849287169,0.6050955414012739,0.5084507042253521
transformer,0.31,0.8461489129737703,0.8926553672316384,0.4424643584521385,0.5916595744680851,0.49210034543292375
transformer,0.32,0.8433271339703713,0.9033134166214014,0.4233706720977597,0.5765297278557809,0.47370819802882697
transformer,0.33,0.8394792535111909,0.909718228867165,0.40274949083503053,0.5583200988177166,0.45326915363016446
transformer,0.34,0.8353107163470788,0.9207920792079208,0.3788187372708758,0.5367965367965368,0.4293628808864266
transformer,0.35,0.8337074328224203,0.93713163064833,0.3643075356415479,0.5246562786434463,0.41504727652416035
transformer,0.36,0.8342204835503111,0.9672929714683368,0.35386965376782076,0.5181733457595527,0.40527144439909035
transformer,0.37,0.8335150387994613,0.9770773638968482,0.34725050916496947,0.512396694214876,0.39864390928220717
transformer,0.38,0.8333226447765023,0.9839766933721777,0.34394093686354377,0.509715148085267,0.39537606087211
transformer,0.39,0.8324248060026935,0.9845246868091379,0.34012219959266804,0.5055818353831599,0.3913527447419298
transformer,0.4,0.8318476239338165,0.9844213649851632,0.33783095723014256,0.5030326004548901,0.38892145369284875
transformer,0.41,0.8308856538190214,0.9849737039819685,0.33375763747454174,0.49857387335995434,0.38461538461538464
transformer,0.42,0.8303726030911306,0.9848828420256992,0.33172097759674135,0.49628642163397446,0.3824479013795128
transformer,0.43,0.8287051882254858,0.9845797995373939,0.32510183299389,0.4888038277511962,0.37538949967664176
transformer,0.44,0.8267171166549092,0.9857369255150554,0.3167006109979633,0.479383429672447,0.36644279486273124
transformer,0.45,0.8231257615596742,0.9850746268656716,0.3024439918533605,0.46279703934553956,0.3511053315994798
transformer,0.46,0.8129288783428461,0.9828080229226361,0.2619653767820774,0.4136683417085427,0.30699922429739246
transformer,0.47,0.8074777143590073,0.9812889812889813,0.24032586558044808,0.38609406952965236,0.2830754468034065
transformer,0.48,0.8051048547425127,0.9805405405405405,0.23090631364562117,0.37378940861322896,0.27258520165895295
transformer,0.49,0.8017058936702366,0.9793577981651376,0.2174134419551935,0.35583333333333333,0.25747708634828753
transformer,0.5,0.7974732251651382,0.9776674937965261,0.20061099796334012,0.3329108576256865,0.2385276667877467
transformer,0.55,0.7775283781183865,0.9655172413793104,0.12118126272912423,0.21533589685591495,0.1468682505399568
transformer,0.6,0.7715641634066568,0.9597989949748744,0.09725050916496945,0.17660656495607951,0.11855990068280571
transformer,0.65,0.7712435067017251,0.9592875318066157,0.09597759674134419,0.174496644295302,0.1170443961502639
transformer,0.7,0.7707304559738344,0.963254593175853,0.09343177189409368,0.17034114643768855,0.11402473124961163
transformer,0.75,0.77028153658693,0.970108695652174,0.09088594704684318,0.16620111731843576,0.11100746268656717
transformer,0.8,0.7699608798819984,0.9696969696969697,0.08961303462321792,0.16406432067117221,0.10948678071539658
transformer,0.85,0.7679728083114218,0.9668674698795181,0.08172097759674135,0.15070422535211267,0.10003739715781601
transformer,0.9,0.7637401398063234,0.9586466165413534,0.06491853360488799,0.12160228898426323,0.07979722117912129
transformer,0.95,0.7557878535240172,0.9347826086956522,0.03284114052953157,0.06345302508607968,0.04069400630914827
xgboost,0.05,0.2519079073943436,0.2519079073943436,1.0,0.40243839967214795,0.6273758185593356
xgboost,0.1,0.2519079073943436,0.2519079073943436,1.0,0.40243839967214795,0.6273758185593356
xgboost,0.15,0.2522285640992753,0.25198870926353606,1.0,0.4025415044066407,0.6274760383386582
xgboost,0.2,0.25261335214519337,0.2520857399563599,1.0,0.4026652998462327,0.6275963443471592
xgboost,0.21,0.2528057461681524,0.2520387850767354,0.9992362525458248,0.402543459309779,0.6272974268818923
xgboost,0.22,0.25306227153209776,0.25210353908407734,0.9992362525458248,0.4026260450325691,0.6273776413797513
xgboost,0.23,0.25357532225998847,0.25223314696998905,0.9992362525458248,0.4027913181794859,0.6275381319348959
xgboost,0.24,0.25562752517155135,0.2527529139030202,0.9992362525458248,0.40345376985146736,0.6281809161038379
xgboost,0.25,0.25947540563073174,0.25366957646298094,0.9987270875763747,0.40457897179394625,0.6291496936844468
xgboost,0.26,0.2624254473161034,0.25433075974826447,0.9979633401221996,0.4053564965617083,0.629718875502008
xgboost,0.27,0.2685179247098057,0.2558443254538331,0.9974541751527495,0.4072341752416589,0.6314059176174821
xgboost,0.28,0.28339639581863657,0.25936503719447396,0.9941446028513238,0.4113990729034977,0.6345878835153406
xgboost,0.29,0.2916052074648881,0.2607877402876731,0.9877800407331976,0.4126342656598958,0.6341941811049363
xgboost,0.3,0.30084012056692105,0.26083676268861455,0.9681771894093686,0.4109574238167279,0.6277234913508517
xgboost,0.31,0.30366189957032,0.2581320675694541,0.9414460285132383,0.40517146926701,0.6155536320660496
xgboost,0.32,0.3049445263900468,0.2564843529743445,0.9264256619144603,0.40174431441819386,0.6085284280936455
xgboost,0.33,0.3055858397999102,0.25514549325762953,0.915224032586558,0.39904539904539904,0.603147439769143
xgboost,0.34,0.30545757711793753,0.25388674939380973,0.9063136456211812,0.3966573816155989,0.598641286069819
xgboost,0.35,0.3049445263900468,0.25215208034433284,0.894857433808554,0.39344078800089544,0.592708754890058
xgboost,0.36,0.30436734432116974,0.24998193249981931,0.8806008146639511,0.3894173937517591,0.5852989948898439
xgboost,0.37,0.3087924068492272,0.25065521258008155,0.8765274949083504,0.3898324275362319,0.5845897853844064
xgboost,0.38,0.31219136792150326,0.2511168070303918,0.8729633401221996,0.39003583006312914,0.5838185718663806
xgboost,0.39,0.31834797665619186,0.2525297289312357,0.870417515274949,0.3914810786053701,0.5844244641208848
xgboost,0.4,0.33207208362726864,0.25603610379842046,0.8665987780040734,0.3952853742089067,0.586754921225911
xgboost,0.41,0.35823767074969537,0.26388565214013826,0.8648167006109979,0.4043806916254985,0.5941927584397412
xgboost,0.42,0.37241069710767655,0.26823864535527775,0.8630346232179226,0.40927200289750093,0.5978835978835979
xgboost,0.43,0.3824793176425319,0.27150300601202404,0.8622708757637475,0.4129732366030604,0.6008088835278674
xgboost,0.44,0.3938305649971141,0.27519127462152043,0.8607433808553971,0.41704699642284443,0.6037931280805772
xgboost,0.45,0.4076188033091772,0.2799469452043439,0.859725050916497,0.42236257895065976,0.6079207920792079
xgboost,0.46,0.41557108959148337,0.28259958071278823,0.8579429735234216,0.42515612186967766,0.6096899084560553
xgboost,0.47,0.421920092349131,0.28467400508044033,0.8559063136456212,0.4272461558012454,0.6107840999927331
xgboost,0.48,0.4273712563329699,0.2866649603276171,0.8553971486761711,0.4294204102498562,0.6124011227353917
xgboost,0.49,0.43218110690694544,0.2884020618556701,0.8546334012219959,0.4312692702980473,0.6136662766890904
xgboost,0.5,0.4382094529596614,0.2905323391711462,0.8531059063136456,0.4334497477687233,0.6149526536005285
xgboost,0.55,0.47681652023343807,0.30358469539375926,0.8322301425661914,0.4448829613500272,0.6172583081570997
xgboost,0.6,0.5212595395369717,0.316374208285744,0.7757128309572301,0.44944317427538905,0.6011521919267648
xgboost,0.65,0.556595908420445,0.3308406979379107,0.7433808553971487,0.45789556217657207,0.5949955171570626
xgboost,0.7,0.5859039312512024,0.33736334405144697,0.6677698574338086,0.4482611296248825,0.5583940051943629
xgboost,0.75,0.6179696017443724,0.35265068990559184,0.6181262729124236,0.44908905946545824,0.5372394565650308
xgboost,0.8,0.6586930032706984,0.37746132208157523,0.5465885947046843,0.44654742096505823,0.5016355140186916
xgboost,0.85,0.7260309113063554,0.46,0.5035641547861507,0.48079727758872143,0.49420347791325203
xgboost,0.9,0.7881741807221189,0.6098418277680141,0.4417006109979633,0.5123283626162705,0.4674785795117745
xgboost,0.95,0.8083114217918297,0.8414545454545455,0.2945519348268839,0.4363567791815953,0.33856147948732956
weighted_avg,0.05,0.2519079073943436,0.2519079073943436,1.0,0.40243839967214795,0.6273758185593356
weighted_avg,0.1,0.2519079073943436,0.2519079073943436,1.0,0.40243839967214795,0.6273758185593356
weighted_avg,0.15,0.27454627076252164,0.2514474215699475,0.9508655804480651,0.39772122244702374,0.6109729765098475
weighted_avg,0.2,0.42185596100814465,0.28221594314581727,0.8391038696537678,0.42237457551098867,0.6016574787338907
weighted_avg,0.21,0.4390431603924838,0.2877279534842745,0.8314663951120163,0.42751488971791346,0.60340686546207
weighted_avg,0.22,0.4564868851407683,0.2935996368588289,0.8233197556008147,0.4328448102790604,0.605006173532383
weighted_avg,0.23,0.47617520682357467,0.3012375773485843,0.8179735234215886,0.44031793887899134,0.6090302524831299
weighted_avg,0.24,0.48880908099788367,0.3057930636948794,0.810336048879837,0.4440259468508056,0.6092798897438843
weighted_avg,0.25,0.501507086513179,0.31083341533011905,0.8042260692464358,0.44837130083031723,0.6104347826086957
weighted_avg,0.26,0.5116398383890207,0.3147422369611094,0.7973523421588594,0.45132934649470424,0.6102170439932978
weighted_avg,0.27,0.520554094786122,0.3181258970678696,0.789969450101833,0.45358865662914777,0.6092436974789915
weighted_avg,0.28,0.5355608285769256,0.3251002744352966,0.7841140529531568,0.4596328906133413,0.6114508060033352
weighted_avg,0.29,0.549413198229975,0.33144722524483133,0.7754582484725051,0.4644000609849062,0.6115974620512409
weighted_avg,0.3,0.5669210543192458,0.3397254056507432,0.7622199592668024,0.4699788085707558,0.6103975535168196
weighted_avg,0.31,0.587314820752902,0.3500059830082565,0.744653767820774,0.47619047619047616,0.6076280693007603
weighted_avg,0.32,0.6122619123965882,0.36433512682551883,0.7240325865580448,0.48474518493267427,0.6046432519772089
weighted_avg,0.33,0.6441993202077856,0.3868082727780883,0.7046843177189409,0.49945867917719233,0.6052125240510757
weighted_avg,0.34,0.6831911755274803,0.4212818917237088,0.6894093686354379,0.5229818462726922,0.6115627822944896
weighted_avg,0.35,0.7229526069390111,0.465235899255055,0.6677698574338086,0.5484005854066486,0.6142857142857143
weighted_avg,0.36,0.7569422176617713,0.5139676113360324,0.6463849287169042,0.5726206585475868,0.6147104396668603
weighted_avg,0.37,0.7877252613352145,0.571560907827698,0.6283095723014257,0.5985932573368906,0.6160758861707439
weighted_avg,0.38,0.8113255948181877,0.6295323173935891,0.609979633401222,0.6196017584690975,0.6137923967619633
weighted_avg,0.39,0.8253703584941962,0.6750944492879977,0.5913951120162932,0.6304790337902022,0.6064324126768652
weighted_avg,0.4,0.8334509074584749,0.7096062992125984,0.5735743380855397,0.6343798395044348,0.5964419971408905
weighted_avg,0.41,0.8392227281472455,0.7377049180327869,0.5613543788187373,0.6375596356802082,0.5895406662745307
weighted_avg,0.42,0.8415314564227538,0.7542757417102967,0.550152749490835,0.6362431915206831,0.5816332023469882
weighted_avg,0.43,0.8421727698326172,0.7672131147540984,0.5361507128309573,0.6312003596583246,0.5705152516660346
weighted_avg,0.44,0.843840184698262,0.7845977887914601,0.5239307535641547,0.6283010227446192,0.5612217071175347
weighted_avg,0.45,0.8433271339703713,0.7952286282306164,0.5091649694501018,0.6208288064566196,0.5486366379546826
weighted_avg,0.46,0.8410184056948631,0.8002486531288852,0.4915987780040733,0.6090521999684593,0.5326896551724138
weighted_avg,0.47,0.8394151221702045,0.8071613459879207,0.4763238289205703,0.5991034261927634,0.5188574597892401
weighted_avg,0.48,0.8367857371897647,0.8119079837618404,0.45824847250509165,0.5858421480878763,0.5019800323498244
weighted_avg,0.49,0.8348617969601745,0.8180535966149506,0.4429735234215886,0.5747316267547481,0.4876954986266046
weighted_avg,0.5,0.8351824536651061,0.8325171400587659,0.43279022403258655,0.5695142378559463,0.4787653486538245
weighted_avg,0.55,0.8286410568844994,0.9441301272984441,0.339867617107943,0.4998128041931861,0.38975826229125304
weighted_avg,0.6,0.8082472904508433,0.9625246548323472,0.2484725050916497,0.39498178874949413,0.2917613296663877
weighted_avg,0.65,0.7836208555120887,0.9616666666666667,0.14689409368635437,0.25485865724381623,0.17686365865620401
weighted_avg,0.7,0.7650227666260502,1.0,0.06720977596741344,0.12595419847328243,0.08262393590385578
weighted_avg,0.75,0.7552106714551401,1.0,0.028258655804480653,0.05496410002475861,0.03507552297288757
weighted_avg,0.8,0.7480920926056563,0.0,0.0,0.0,0.0
weighted_avg,0.85,0.7480920926056563,0.0,0.0,0.0,0.0
weighted_avg,0.9,0.7480920926056563,0.0,0.0,0.0,0.0
weighted_avg,0.95,0.7480920926056563,0.0,0.0,0.0,0.0
